{"train_loss": 0.9144426010533478, "val_loss": 0.9635079455834504, "_timestamp": 1713486162.5418785, "_runtime": 16.63698434829712, "_step": 99, "_wandb": {"runtime": 15}}