{"train_loss": 6036, "val_loss": 2.449044034182152, "_timestamp": 1713430252.2609873, "_runtime": 9882.380803346634, "_step": 99, "_wandb": {"runtime": 9881}}